8Stem, App Page, Liked, 
A Great Weight, Musician/band, Liked, 
Absolute Zero, Musician/band, Liked, 
Acid Dol Records, Record label, Liked, 
Acidic Infektion Radio, Musical genre, Liked, 
AkA Musik, Musician/band, Liked, 
All The Wrong Reasons, Musician/band, Liked, 
Alles, Musician/band, Liked, 
AnalogueTrash, Record label, Liked, 
Android Lust, Musician/band, Liked, 
Androids In The Mist, Musician/band, Liked, 
Angelbomb, Musician/band, Liked, 
Ari leeonx ., Musician/band, Liked, 
Armalyte Industries, Record label, Liked, 
Art Of Noise, Musician/band, Liked, 
Artefaktor Radio, Radio station, Liked, 
Audiowar, Musician/band, Liked, 
Autorotation, Musician/band, Liked, 
Beating Hearts Agency, Concert tour, Liked, 
Bernard Butler Fans, Musician/band, Liked, 
Birthmarks, Musician/band, Liked, 
Bit-Phalanx, Record label, Liked, 
Black Marine, Musician/band, Liked, 
black midi, Musician/band, Liked, 
Black Nail Cabaret, Musician/band, Liked, 
Blinky Blinky Computerband, Musician/band, Liked, 
BlipLondon, Musician/band, Liked, 
BloodlitRadio.com, Radio station, Liked, 
Blue Statue, Musician/band, Liked, 
Bluetown Electronica, Radio station, Liked, 
Bone Cult, Musician/band, Liked, 
Boytronic, Musician/band, Liked, 
Brutalist Architecture in the Sun, Musician/band, Liked, 
Bullet Height, Musician/band, Liked, 
Caf√© OTO, Coffee shop, Liked, 
Casee Wilson, Musician/band, Liked, 
Cease2Xist, Musician/band, Liked, 
Chris Tenz, Musician/band, Liked, 
CHROM, Musician/band, Liked, 
Chromatouch Dome, Performance & event venue, Liked, 
CIA Radio, Radio station, Liked, 
CIA Specialforces, Record label, Liked, 
Cloe Corpse, Musician/band, Liked, 
CLOSE TO THE NOISE FLOOR, Album, Liked, 
Coast and County Radio, Media/news company, Liked, 
Communion After Dark, Radio station, Liked, 
Convergence, Concert tour, Liked, 
Coronach Collective, Musician/band, Liked, 
Cryo, Musician/band, Liked, 
Ctrl Alt Del, Musician/band, Liked, 
Cyberwaste, Musician/band, Liked, 
Da-Sein, Musician/band, Liked, 
Damo Suzuki, Musician/band, Liked, 
Damsel in the Dollhouse, Musician/band, Liked, 
DancetoTrance, Radio station, Liked, 
Dark Ace Records Kompany, Record label, Liked, 
Dark Asylum Radio, Radio station, Liked, 
Dark Essence radio, Radio station, Liked, 
Dark Noise Radio, Radio station, Liked, 
Dark Side of Electricity, Music chart, Liked, 
Dark Sounds Music, Musician/band, Liked, 
Dark Sounds World, Musician/band, Liked, 
Darkbeat, Band, Liked, 
Darklands Radio Show, Radio station, Liked, 
Darklife journal & podcast, Musician/band, Liked, 
darktrain, Musician/band, Liked, 
darkTunes, Record label, Liked, 
Das Fluff, Musician/band, Liked, 
Day in a Decade, Musician/band, Liked, 
Der Prosector, Musician/band, Liked, 
Destination, Musician/band, Liked, 
Dicepeople, Musician/band, Liked, 
Dichronaut Records, Record label, Liked, 
Digital Dependency Records, Record label, Liked, 
DJ Freakq, DJ, Liked, 
Dj Scott Durand - Dark Indulgence Industrial Mixshow, Musician/band, Liked, 
Down From Above, Musician/band, Liked, 
Drastic Decline, Record label, Liked, 
Earth Before The Deluge, Musician/band, Liked, 
EBM-Radio.com, Radio station, Liked, 
Eclectic Electric, Concert tour, Liked, 
Electric Ballroom, Live music venue, Liked, 
Electronic Essex, Concert tour, Liked, 
Elektronski Zvuk, Radio station, Liked, 
Elysian Divide, Local business, 
Empty Chaos, Radio station, Liked, 
EmT, Musician/band, Liked, 
Eterna Oscuridad, Radio station, Liked, 
Evestus, Musician/band, Liked, 
Feral Five, Musician/band, Liked, 
Gary Taylor Music, Musician/band, Liked, 
Glassvoid, Musician/band, Liked, 
Global Citizen, Musician/band, Liked, 
Gotharama, Musician/band, Liked, 
Gothic Paradise, Radio station, Liked, 
Hands of industry, Musician/band, Liked, 
Happy Robots Records, Record label, Liked, 
Healthy Junkies, Musician/band, Liked, 
HOTGOTHIC, Musician/band, Liked, 
Idiot son, Musician/band, Liked, 
In The Moog Radio Show, NCCR, Radio station, Liked, 
Inertia, Musician/band, Liked, 
Invaded, by Dicepeople, Album, Liked, 
It Gets Darker, by Dicepeople, Album, Liked, 
It Gets Darker, by Dicepeople, Album, Liked, 
Jan Doyle Band, Musician/band, Liked, 
Jar Music Live UK, Event, Liked, 
Katja von Kassel, Musician/band, Liked, 
KHLV Hot XR Las Vegas, Radio station, Liked, 
KMFDM, Musician/band, Liked, 
Knight$, Musician/band, Liked, 
LaUD23, Musician/band, Liked, 
Laut.fm/flyflew, Radio station, Liked, 
LegPuppy, Musician/band, Liked, 
Lemonade Kid, Musician/band, Liked, 
LET THEM EAT GAK, Performance & event venue, Liked, 
Limbic System, Musician/band, Liked, 
Live Evil London, Concert tour, Liked, 
Living Dead Girl, Musician/band, Liked, 
Longtail Music, Radio station, Liked, 
MACHINE ROX, Musician/band, Liked, 
Mad Wasp Radio, Radio station, Liked, 
Martyn Bailey Music, Musician/band, Liked, 
Mascot Label Group, Record label, Liked, 
Massmodular, Musician/band, Liked, 
Matt Barker Radio, Radio station, Liked, 
Mechanismus, Dance club & nightclub, Liked, 
Metal Postcard Records, Record label, Liked, 
metamono, Musician/band, Liked, 
Miel Noir, Musician/band, Liked, 
Modulator Records, Record label, Liked, 
Molten Meditation, Musician/band, Liked, 
MONOMORTE, Musician/band, Liked, 
Morgan King, Musician/band, Liked, 
Moro Moro Land, Musician/band, Liked, 
Mr. Strange, Musician/band, Liked, 
Mute Elephant Music, Concert tour, Liked, 
Nachtlich - Industrial Internet Radio, Radio station, Liked, 
Naked Players, Musician/band, Liked, 
Negative Response, Musician/band, Liked, 
Neil Francis Official, Musician/band, Liked, 
Neotropic, Musician/band, Liked, 
New Neon, Musician/band, Liked, 
Night Club, Musician/band, Liked, 
NW2Noise, Radio station, Liked, 
Obsidian FX, Musician/band, Liked, 
Patchwork Rattlebag, Musician/band, Liked, 
Phobos Reactor, Musician/band, Liked, 
Phoenix FM, Broadcasting & media production company, Liked, 
Phuzz, Shout Music, Musician/band, Liked, 
PIG, Performing arts, Liked, 
Promenade Cinema, Musician/band, Liked, 
PSYCHOTIC SUPERMARKET, Musician/band, Liked, 
PSYDOLL, Musician/band, Liked, 
Quextal, Musician/band, Liked, 
Radio Synthez.Net, Radio station, Liked, 
RadioCoolio, Radio station, Liked, 
Ralph, Music chart, Liked, 
Raw Power Festival, Performance & event venue, Liked, 
Real Experts, Musician/band, Liked, 
RKC - Radio Kaos Caribou, Radio station, Liked, 
Roadkill Records, Record label, Liked, 
Rodney Anonymous Tells You How to Live on Y-Not Radio, Playlist, Liked, 
Rodney Cromwell, Musician/band, Liked, 
Rusty Egan, Musician/band, Liked, 
Scarlet Soho, Musician/band, Liked, 
Sequencial, Musician/band, Liked, 
Side-Line Reviews, Media/news company, Liked, 
SINthetik Messiah, Musician/band, Liked, 
Sister Suicide, Musician/band, Liked, 
Slow Clinic, Musician/band, Liked, 
Slowwank, Record label, Liked, 
Sorka, Musician/band, Liked, 
Soundsphere magazine, Blogger, Liked, 
Special Love, Musician/band, Liked, 
Standgericht, Musician/band, Liked, 
Static Shore, Musician/band, Liked, 
Steven Jones & Logan Sky, Musician/band, Liked, 
Supernova Records, Record label, Liked, 
Surya, Interest, Liked, 
Sweet Sunday Sounds, Musician/band, Liked, 
Syndicol Music, Record label, Liked, 
Synth 242 - Synth music on Spotify, Music chart, Liked, 
Synthetic City Promotions - AbNormal Productions, Musician/band, Liked, 
Tame Genius, Musician/band, Liked, 
Tangerinecat, Musician/band, Liked, 
Terminal Gods, Musician/band, Liked, 
The Brooklyn Foundation, Musician/band, Liked, 
The Confused Ramblings Of A Tortured Soul Podcast, Radio station, Liked, 
The Department, Musician/band, Liked, 
The Electroquarium, Radio station, Liked, 
The Frixion, Musician/band, Liked, 
THE HERESY GENE, Musician/band, Liked, 
The Kosmische Club, Musician/band, Liked, 
The Livelong June, Musician/band, Liked, 
The Make, Musician/band, Liked, 
The MAN, Musician/band, Liked, 
THE PAPASHANGOS, Musician/band, Liked, 
The Pink Diamond Revue, Musician/band, Liked, 
The Red Queens, Musician/band, Liked, 
The Rude Awakening ft Bridget Gray, Musician/band, Liked, 
The Thin Wall, Radio station, Liked, 
The Wise Bloods, Musician/band, Liked, 
Theretweeter, Musician/band, Liked, 
Three Winters, Musician/band, Liked, 
Tracy's EOP, Radio station, Liked, 
Trial N' Error Productions, Record label, Liked, 
Twovolt, Musician/band, Liked, 
Ventenner, Musician/band, Liked, 
Vieon, Musician/band, Liked, 
Vile Electrodes, Musician/band, Liked, 
Voi Vang, Performing arts, Liked, 
Voidkinetik, Musician/band, Liked, 
WE HAVE A GHOST, Musician/band, Liked, 
WFKU, Radio station, Liked, 
Wire 13, Musician/band, Liked, 
WLDV - We Love Dolce Vita, Musician/band, Liked, 
Xenomars, Musician/band, Liked, 
ZARDOZ - The Band, Musician/band, Liked, 
